{
  "Hi": "*💙 Hey! Hi there!* 😊\n*How are you doing today?*",
  "Hello": "*✨ Hello!* Glad to see you here 😄",
  "Good Morning": "*🌅 Good Morning!* Hope your day starts with positive vibes ☀️",
  "Good Afternoon": "*🌤️ Good Afternoon!* Stay productive & calm 💼✨",
  "Good Evening": "*🌆 Good Evening!* Relax and enjoy the moment 🌙",
  "Good Night": "*🌙 Good Night!* Sweet dreams & take care 😴✨",
  "Bye": "*👋 Bye bye!* See you again soon 😄",
  "Aslam o Alykum": "> *Wa Alaikum Assalam* 🤍✨\n*Hope you’re doing well!*",
  "Owner": "*👑 Owner:* **Shanu-Fx**",
  "Shanu": "*That’s me 😎✨*",
  "Who are you": "*🤖 I’m Shanu’s Smart Bot*\n*Always here to help!*",
  "Link": "*🔗 Can’t resist links, can you? 😄*",
  "Love": "*💖 Love you too!* Stay awesome 😊",
  "Haha": "*😂 Haha! That was funny*",
  "Hmmm": "> *Hmmmm… 🤔*",
  "Thanks": "*🙏 You’re welcome!* Happy to help 😇",
  "Sorry": "*🤍 It’s okay, no worries!*",
  "Owner name": "*✨ Created & Managed by Shanu-Fx*",
  "Help": "*🛠️ Need help?*\n*Just type your question!*",
  "Bot": "*🤖 Yes! I’m online & active* ⚡"
}