{
  "chumi": "1.webp",
  "chumi do": "1.webp",
  "kiss": "1.webp",

  "lassanai": "2.webp",
  "lassanaii": "2.webp",
  "cute": "2.webp",
  "hari lassanai": "2.webp",
  "podi eka": "10.webp",
  "sudu": "2.webp",
  "babe": "2.webp",
  "mine": "2.webp",

  "adarei": "3.webp",
  "oya hari lassanai": "3.1.webp",
  "oya hondai": "3.2.webp",
  "oya hari hodai": "3.3.webp",

  "mokada": "4.1.webp",
  "mokakda": "4.1.webp",
  "ai": "4.webp",
  "ai ban": "4.2.webp",
  "ehema da": "4.webp",

  "hi": "3.1.webp",
  "hello": "5.webp",
  "hey": "5.webp",
  "oya innawada": "5.webp",
  "kohomada": "5.webp",
  "hari": "5.webp",

  "bye": "11.webp",
  "giya": "11.webp",
  "hamuwemu": "11.webp",
  "gn": "11.webp",
  "gm": "11.webp",
   
  "dukai": "4.1.webp",
  "awula": "6.webp",
  "karida": "12.webp",
  "sigma": "7.webp",
  "troll": "8.webp",
  "athalda": "7.webp"
}